{"fullscreen":true,"width":240,"height":240,"scale":2,"startScene":"main","debug":true,"clearColor":[0.6784313725490196,0.9411764705882353,0.9372549019607843,1],"version":"0.5.0"}